feature_type,sample#1,sample#2,sample#3,sample#4,sample#5,sample#6,sample#7,sample#8,sample#9,sample#10,sample#11,sample#12,sample#13,sample#14,sample#15,sample#16,sample#17,sample#18,sample#19,sample#20,sample#21,sample#22,sample#23,sample#24,sample#25,sample#26,sample#27,sample#28,sample#29,sample#30,sample#31,sample#32,sample#33,sample#34,sample#35,sample#36,sample#37,sample#38,sample#39,sample#40,sample#41,sample#42,sample#43,sample#44,sample#45,sample#46,sample#47,sample#48,sample#49,sample#50,sample#51,sample#52,sample#53,sample#54,sample#55,sample#56,sample#57,sample#58,sample#59,sample#60,sample#61,sample#62,sample#63,sample#64,sample#65,sample#66,sample#67,sample#68,sample#69,sample#70,sample#71,sample#72,sample#73,sample#74,sample#75,sample#76,sample#77,sample#78,sample#79,sample#80,sample#81,sample#82,sample#83,sample#84,sample#85,sample#86,sample#87,sample#88,sample#89,sample#90,sample#91,sample#92,sample#93,sample#94,sample#95,sample#96,sample#97,sample#98,sample#99,sample#100,sample#101,sample#102,sample#103,sample#104,sample#105,sample#106,sample#107,sample#108,sample#109,sample#110,sample#111,sample#112,sample#113,sample#114,sample#115,sample#116,sample#117,sample#118,sample#119,sample#120,sample#121,sample#122,sample#123,sample#124,sample#125,sample#126,sample#127,sample#128,sample#129,sample#130,sample#131,sample#132,sample#133,sample#134,sample#135,sample#136,sample#137,sample#138,sample#139,sample#140,sample#141,sample#142,sample#143,sample#144,sample#145,sample#146,sample#147,sample#148,sample#149,sample#150,sample#151,sample#152,sample#153,sample#154,sample#155,sample#156,sample#157,sample#158,sample#159,sample#160,sample#161,sample#162,sample#163,sample#164,sample#165,sample#166,sample#167,sample#168,sample#169,sample#170,sample#171,sample#172,sample#173,sample#174,sample#175,sample#176,sample#177,sample#178,sample#179,sample#180,sample#181,sample#182,sample#183,sample#184,sample#185,sample#186,sample#187,sample#188,sample#189,sample#190,sample#191,sample#192,sample#193,sample#194,sample#195,sample#196,sample#197,sample#198,sample#199,sample#200,sample#201,sample#202,sample#203,sample#204,sample#205,sample#206,sample#207,sample#208,sample#209,sample#210,sample#211,sample#212,sample#213,sample#214,sample#215,sample#216,sample#217,sample#218,sample#219,sample#220,sample#221,sample#222,sample#223,sample#224,sample#225,sample#226,sample#227,sample#228,sample#229,sample#230,sample#231,sample#232,sample#233,sample#234,sample#235,sample#236,sample#237,sample#238,sample#239,sample#240,sample#241,sample#242,sample#243,sample#244,sample#245,sample#246,sample#247,sample#248,sample#249,sample#250,sample#251,sample#252,sample#253,sample#254,sample#255,sample#256,sample#257,sample#258,sample#259,sample#260,sample#261,sample#262,sample#263,sample#264,sample#265,sample#266,sample#267,sample#268,sample#269,sample#270,sample#271,sample#272,sample#273,sample#274,sample#275,sample#276,sample#277,sample#278,sample#279,sample#280,sample#281,sample#282,sample#283,sample#284,sample#285,sample#286,sample#287,sample#288,sample#289,sample#290,sample#291,sample#292,sample#293,sample#294,sample#295,sample#296,sample#297,sample#298,sample#299,sample#300,sample#301,sample#302,sample#303,sample#304,sample#305,sample#306,sample#307,sample#308,sample#309,sample#310,sample#311,sample#312,sample#313,sample#314,sample#315
1,1.0,0.0,0.0,0.0,0.0,0.0,0.5,0.5,0.0,0.5,0.0,0.0,0.5,0.0,0.0,0.0,0.5,0.0,0.0,0.0,0.0,0.333,0.333,0.333,0.0,0.333,0.333,0.0,0.333,0.0,0.0,0.333,0.333,0.0,0.333,0.0,0.0,0.333,0.0,0.0,0.0,0.25,0.25,0.25,0.25,0.0,0.25,0.25,0.25,0.0,0.25,0.25,0.0,0.25,0.0,0.0,0.2,0.2,0.2,0.2,0.2,0.0,0.167,1.0,0.0,0.0,0.0,0.0,0.0,0.5,0.5,0.0,0.5,0.0,0.0,0.5,0.0,0.0,0.0,0.5,0.0,0.0,0.0,0.0,0.333,0.333,0.333,0.0,0.333,0.333,0.0,0.333,0.0,0.0,0.333,0.333,0.0,0.333,0.0,0.0,0.333,0.0,0.0,0.0,0.25,0.25,0.25,0.25,0.0,0.25,0.25,0.25,0.0,0.25,0.25,0.0,0.25,0.0,0.0,0.2,0.2,0.2,0.2,0.2,0.0,0.167,1.0,0.0,0.0,0.0,0.0,0.0,0.5,0.5,0.0,0.5,0.0,0.0,0.5,0.0,0.0,0.0,0.5,0.0,0.0,0.0,0.0,0.333,0.333,0.333,0.0,0.333,0.333,0.0,0.333,0.0,0.0,0.333,0.333,0.0,0.333,0.0,0.0,0.333,0.0,0.0,0.0,0.25,0.25,0.25,0.25,0.0,0.25,0.25,0.25,0.0,0.25,0.25,0.0,0.25,0.0,0.0,0.2,0.2,0.2,0.2,0.2,0.0,0.167,1.0,0.0,0.0,0.0,0.0,0.0,0.5,0.5,0.0,0.5,0.0,0.0,0.5,0.0,0.0,0.0,0.5,0.0,0.0,0.0,0.0,0.333,0.333,0.333,0.0,0.333,0.333,0.0,0.333,0.0,0.0,0.333,0.333,0.0,0.333,0.0,0.0,0.333,0.0,0.0,0.0,0.25,0.25,0.25,0.25,0.0,0.25,0.25,0.25,0.0,0.25,0.25,0.0,0.25,0.0,0.0,0.2,0.2,0.2,0.2,0.2,0.0,0.167,1.0,0.0,0.0,0.0,0.0,0.0,0.5,0.5,0.0,0.5,0.0,0.0,0.5,0.0,0.0,0.0,0.5,0.0,0.0,0.0,0.0,0.333,0.333,0.333,0.0,0.333,0.333,0.0,0.333,0.0,0.0,0.333,0.333,0.0,0.333,0.0,0.0,0.333,0.0,0.0,0.0,0.25,0.25,0.25,0.25,0.0,0.25,0.25,0.25,0.0,0.25,0.25,0.0,0.25,0.0,0.0,0.2,0.2,0.2,0.2,0.2,0.0,0.167
1,0.0,1.0,0.0,0.0,0.0,0.0,0.5,0.0,0.5,0.0,0.5,0.0,0.0,0.5,0.0,0.0,0.0,0.5,0.0,0.0,0.0,0.333,0.333,0.0,0.333,0.333,0.0,0.333,0.0,0.333,0.0,0.333,0.0,0.333,0.0,0.333,0.0,0.0,0.333,0.0,0.0,0.25,0.25,0.25,0.0,0.25,0.25,0.25,0.0,0.25,0.25,0.0,0.25,0.0,0.25,0.0,0.2,0.2,0.2,0.2,0.0,0.2,0.167,0.0,1.0,0.0,0.0,0.0,0.0,0.5,0.0,0.5,0.0,0.5,0.0,0.0,0.5,0.0,0.0,0.0,0.5,0.0,0.0,0.0,0.333,0.333,0.0,0.333,0.333,0.0,0.333,0.0,0.333,0.0,0.333,0.0,0.333,0.0,0.333,0.0,0.0,0.333,0.0,0.0,0.25,0.25,0.25,0.0,0.25,0.25,0.25,0.0,0.25,0.25,0.0,0.25,0.0,0.25,0.0,0.2,0.2,0.2,0.2,0.0,0.2,0.167,0.0,1.0,0.0,0.0,0.0,0.0,0.5,0.0,0.5,0.0,0.5,0.0,0.0,0.5,0.0,0.0,0.0,0.5,0.0,0.0,0.0,0.333,0.333,0.0,0.333,0.333,0.0,0.333,0.0,0.333,0.0,0.333,0.0,0.333,0.0,0.333,0.0,0.0,0.333,0.0,0.0,0.25,0.25,0.25,0.0,0.25,0.25,0.25,0.0,0.25,0.25,0.0,0.25,0.0,0.25,0.0,0.2,0.2,0.2,0.2,0.0,0.2,0.167,0.0,1.0,0.0,0.0,0.0,0.0,0.5,0.0,0.5,0.0,0.5,0.0,0.0,0.5,0.0,0.0,0.0,0.5,0.0,0.0,0.0,0.333,0.333,0.0,0.333,0.333,0.0,0.333,0.0,0.333,0.0,0.333,0.0,0.333,0.0,0.333,0.0,0.0,0.333,0.0,0.0,0.25,0.25,0.25,0.0,0.25,0.25,0.25,0.0,0.25,0.25,0.0,0.25,0.0,0.25,0.0,0.2,0.2,0.2,0.2,0.0,0.2,0.167,0.0,1.0,0.0,0.0,0.0,0.0,0.5,0.0,0.5,0.0,0.5,0.0,0.0,0.5,0.0,0.0,0.0,0.5,0.0,0.0,0.0,0.333,0.333,0.0,0.333,0.333,0.0,0.333,0.0,0.333,0.0,0.333,0.0,0.333,0.0,0.333,0.0,0.0,0.333,0.0,0.0,0.25,0.25,0.25,0.0,0.25,0.25,0.25,0.0,0.25,0.25,0.0,0.25,0.0,0.25,0.0,0.2,0.2,0.2,0.2,0.0,0.2,0.167
1,0.0,0.0,1.0,0.0,0.0,0.0,0.0,0.5,0.5,0.0,0.0,0.5,0.0,0.0,0.5,0.0,0.0,0.0,0.5,0.0,0.0,0.333,0.0,0.333,0.333,0.0,0.333,0.333,0.0,0.0,0.333,0.0,0.333,0.333,0.0,0.0,0.333,0.0,0.0,0.333,0.0,0.25,0.25,0.0,0.25,0.25,0.25,0.0,0.25,0.25,0.0,0.25,0.25,0.0,0.0,0.25,0.2,0.2,0.2,0.0,0.2,0.2,0.167,0.0,0.0,1.0,0.0,0.0,0.0,0.0,0.5,0.5,0.0,0.0,0.5,0.0,0.0,0.5,0.0,0.0,0.0,0.5,0.0,0.0,0.333,0.0,0.333,0.333,0.0,0.333,0.333,0.0,0.0,0.333,0.0,0.333,0.333,0.0,0.0,0.333,0.0,0.0,0.333,0.0,0.25,0.25,0.0,0.25,0.25,0.25,0.0,0.25,0.25,0.0,0.25,0.25,0.0,0.0,0.25,0.2,0.2,0.2,0.0,0.2,0.2,0.167,0.0,0.0,1.0,0.0,0.0,0.0,0.0,0.5,0.5,0.0,0.0,0.5,0.0,0.0,0.5,0.0,0.0,0.0,0.5,0.0,0.0,0.333,0.0,0.333,0.333,0.0,0.333,0.333,0.0,0.0,0.333,0.0,0.333,0.333,0.0,0.0,0.333,0.0,0.0,0.333,0.0,0.25,0.25,0.0,0.25,0.25,0.25,0.0,0.25,0.25,0.0,0.25,0.25,0.0,0.0,0.25,0.2,0.2,0.2,0.0,0.2,0.2,0.167,0.0,0.0,1.0,0.0,0.0,0.0,0.0,0.5,0.5,0.0,0.0,0.5,0.0,0.0,0.5,0.0,0.0,0.0,0.5,0.0,0.0,0.333,0.0,0.333,0.333,0.0,0.333,0.333,0.0,0.0,0.333,0.0,0.333,0.333,0.0,0.0,0.333,0.0,0.0,0.333,0.0,0.25,0.25,0.0,0.25,0.25,0.25,0.0,0.25,0.25,0.0,0.25,0.25,0.0,0.0,0.25,0.2,0.2,0.2,0.0,0.2,0.2,0.167,0.0,0.0,1.0,0.0,0.0,0.0,0.0,0.5,0.5,0.0,0.0,0.5,0.0,0.0,0.5,0.0,0.0,0.0,0.5,0.0,0.0,0.333,0.0,0.333,0.333,0.0,0.333,0.333,0.0,0.0,0.333,0.0,0.333,0.333,0.0,0.0,0.333,0.0,0.0,0.333,0.0,0.25,0.25,0.0,0.25,0.25,0.25,0.0,0.25,0.25,0.0,0.25,0.25,0.0,0.0,0.25,0.2,0.2,0.2,0.0,0.2,0.2,0.167
1,0.0,0.0,0.0,1.0,0.0,0.0,0.0,0.0,0.0,0.5,0.5,0.5,0.0,0.0,0.0,0.5,0.0,0.0,0.0,0.5,0.0,0.0,0.333,0.333,0.333,0.0,0.0,0.0,0.333,0.333,0.333,0.0,0.0,0.0,0.333,0.333,0.333,0.0,0.0,0.0,0.333,0.25,0.0,0.25,0.25,0.25,0.0,0.25,0.25,0.25,0.0,0.0,0.0,0.25,0.25,0.25,0.2,0.2,0.0,0.2,0.2,0.2,0.167,0.0,0.0,0.0,1.0,0.0,0.0,0.0,0.0,0.0,0.5,0.5,0.5,0.0,0.0,0.0,0.5,0.0,0.0,0.0,0.5,0.0,0.0,0.333,0.333,0.333,0.0,0.0,0.0,0.333,0.333,0.333,0.0,0.0,0.0,0.333,0.333,0.333,0.0,0.0,0.0,0.333,0.25,0.0,0.25,0.25,0.25,0.0,0.25,0.25,0.25,0.0,0.0,0.0,0.25,0.25,0.25,0.2,0.2,0.0,0.2,0.2,0.2,0.167,0.0,0.0,0.0,1.0,0.0,0.0,0.0,0.0,0.0,0.5,0.5,0.5,0.0,0.0,0.0,0.5,0.0,0.0,0.0,0.5,0.0,0.0,0.333,0.333,0.333,0.0,0.0,0.0,0.333,0.333,0.333,0.0,0.0,0.0,0.333,0.333,0.333,0.0,0.0,0.0,0.333,0.25,0.0,0.25,0.25,0.25,0.0,0.25,0.25,0.25,0.0,0.0,0.0,0.25,0.25,0.25,0.2,0.2,0.0,0.2,0.2,0.2,0.167,0.0,0.0,0.0,1.0,0.0,0.0,0.0,0.0,0.0,0.5,0.5,0.5,0.0,0.0,0.0,0.5,0.0,0.0,0.0,0.5,0.0,0.0,0.333,0.333,0.333,0.0,0.0,0.0,0.333,0.333,0.333,0.0,0.0,0.0,0.333,0.333,0.333,0.0,0.0,0.0,0.333,0.25,0.0,0.25,0.25,0.25,0.0,0.25,0.25,0.25,0.0,0.0,0.0,0.25,0.25,0.25,0.2,0.2,0.0,0.2,0.2,0.2,0.167,0.0,0.0,0.0,1.0,0.0,0.0,0.0,0.0,0.0,0.5,0.5,0.5,0.0,0.0,0.0,0.5,0.0,0.0,0.0,0.5,0.0,0.0,0.333,0.333,0.333,0.0,0.0,0.0,0.333,0.333,0.333,0.0,0.0,0.0,0.333,0.333,0.333,0.0,0.0,0.0,0.333,0.25,0.0,0.25,0.25,0.25,0.0,0.25,0.25,0.25,0.0,0.0,0.0,0.25,0.25,0.25,0.2,0.2,0.0,0.2,0.2,0.2,0.167
1,0.0,0.0,0.0,0.0,1.0,0.0,0.0,0.0,0.0,0.0,0.0,0.0,0.5,0.5,0.5,0.5,0.0,0.0,0.0,0.0,0.5,0.0,0.0,0.0,0.0,0.333,0.333,0.333,0.333,0.333,0.333,0.0,0.0,0.0,0.0,0.0,0.0,0.333,0.333,0.333,0.333,0.0,0.25,0.25,0.25,0.25,0.0,0.0,0.0,0.0,0.25,0.25,0.25,0.25,0.25,0.25,0.2,0.0,0.2,0.2,0.2,0.2,0.167,0.0,0.0,0.0,0.0,1.0,0.0,0.0,0.0,0.0,0.0,0.0,0.0,0.5,0.5,0.5,0.5,0.0,0.0,0.0,0.0,0.5,0.0,0.0,0.0,0.0,0.333,0.333,0.333,0.333,0.333,0.333,0.0,0.0,0.0,0.0,0.0,0.0,0.333,0.333,0.333,0.333,0.0,0.25,0.25,0.25,0.25,0.0,0.0,0.0,0.0,0.25,0.25,0.25,0.25,0.25,0.25,0.2,0.0,0.2,0.2,0.2,0.2,0.167,0.0,0.0,0.0,0.0,1.0,0.0,0.0,0.0,0.0,0.0,0.0,0.0,0.5,0.5,0.5,0.5,0.0,0.0,0.0,0.0,0.5,0.0,0.0,0.0,0.0,0.333,0.333,0.333,0.333,0.333,0.333,0.0,0.0,0.0,0.0,0.0,0.0,0.333,0.333,0.333,0.333,0.0,0.25,0.25,0.25,0.25,0.0,0.0,0.0,0.0,0.25,0.25,0.25,0.25,0.25,0.25,0.2,0.0,0.2,0.2,0.2,0.2,0.167,0.0,0.0,0.0,0.0,1.0,0.0,0.0,0.0,0.0,0.0,0.0,0.0,0.5,0.5,0.5,0.5,0.0,0.0,0.0,0.0,0.5,0.0,0.0,0.0,0.0,0.333,0.333,0.333,0.333,0.333,0.333,0.0,0.0,0.0,0.0,0.0,0.0,0.333,0.333,0.333,0.333,0.0,0.25,0.25,0.25,0.25,0.0,0.0,0.0,0.0,0.25,0.25,0.25,0.25,0.25,0.25,0.2,0.0,0.2,0.2,0.2,0.2,0.167,0.0,0.0,0.0,0.0,1.0,0.0,0.0,0.0,0.0,0.0,0.0,0.0,0.5,0.5,0.5,0.5,0.0,0.0,0.0,0.0,0.5,0.0,0.0,0.0,0.0,0.333,0.333,0.333,0.333,0.333,0.333,0.0,0.0,0.0,0.0,0.0,0.0,0.333,0.333,0.333,0.333,0.0,0.25,0.25,0.25,0.25,0.0,0.0,0.0,0.0,0.25,0.25,0.25,0.25,0.25,0.25,0.2,0.0,0.2,0.2,0.2,0.2,0.167
1,0.0,0.0,0.0,0.0,0.0,1.0,0.0,0.0,0.0,0.0,0.0,0.0,0.0,0.0,0.0,0.0,0.5,0.5,0.5,0.5,0.5,0.0,0.0,0.0,0.0,0.0,0.0,0.0,0.0,0.0,0.0,0.333,0.333,0.333,0.333,0.333,0.333,0.333,0.333,0.333,0.333,0.0,0.0,0.0,0.0,0.0,0.25,0.25,0.25,0.25,0.25,0.25,0.25,0.25,0.25,0.25,0.0,0.2,0.2,0.2,0.2,0.2,0.167,0.0,0.0,0.0,0.0,0.0,1.0,0.0,0.0,0.0,0.0,0.0,0.0,0.0,0.0,0.0,0.0,0.5,0.5,0.5,0.5,0.5,0.0,0.0,0.0,0.0,0.0,0.0,0.0,0.0,0.0,0.0,0.333,0.333,0.333,0.333,0.333,0.333,0.333,0.333,0.333,0.333,0.0,0.0,0.0,0.0,0.0,0.25,0.25,0.25,0.25,0.25,0.25,0.25,0.25,0.25,0.25,0.0,0.2,0.2,0.2,0.2,0.2,0.167,0.0,0.0,0.0,0.0,0.0,1.0,0.0,0.0,0.0,0.0,0.0,0.0,0.0,0.0,0.0,0.0,0.5,0.5,0.5,0.5,0.5,0.0,0.0,0.0,0.0,0.0,0.0,0.0,0.0,0.0,0.0,0.333,0.333,0.333,0.333,0.333,0.333,0.333,0.333,0.333,0.333,0.0,0.0,0.0,0.0,0.0,0.25,0.25,0.25,0.25,0.25,0.25,0.25,0.25,0.25,0.25,0.0,0.2,0.2,0.2,0.2,0.2,0.167,0.0,0.0,0.0,0.0,0.0,1.0,0.0,0.0,0.0,0.0,0.0,0.0,0.0,0.0,0.0,0.0,0.5,0.5,0.5,0.5,0.5,0.0,0.0,0.0,0.0,0.0,0.0,0.0,0.0,0.0,0.0,0.333,0.333,0.333,0.333,0.333,0.333,0.333,0.333,0.333,0.333,0.0,0.0,0.0,0.0,0.0,0.25,0.25,0.25,0.25,0.25,0.25,0.25,0.25,0.25,0.25,0.0,0.2,0.2,0.2,0.2,0.2,0.167,0.0,0.0,0.0,0.0,0.0,1.0,0.0,0.0,0.0,0.0,0.0,0.0,0.0,0.0,0.0,0.0,0.5,0.5,0.5,0.5,0.5,0.0,0.0,0.0,0.0,0.0,0.0,0.0,0.0,0.0,0.0,0.333,0.333,0.333,0.333,0.333,0.333,0.333,0.333,0.333,0.333,0.0,0.0,0.0,0.0,0.0,0.25,0.25,0.25,0.25,0.25,0.25,0.25,0.25,0.25,0.25,0.0,0.2,0.2,0.2,0.2,0.2,0.167
1,13.90%,14.30%,17.30%,9.60%,9.60%,7.00%,19.50%,16.40%,18.50%,15.00%,15.90%,17.00%,14.00%,12.30%,14.50%,9.00%,11.80%,15.40%,13.80%,10.10%,9.30%,19.20%,18.30%,16.40%,18.40%,14.70%,16.80%,14.60%,12.70%,12.40%,13.80%,17.00%,13.50%,18.50%,12.70%,15.60%,15.70%,13.80%,13.80%,14.10%,9.00%,19.10%,17.00%,15.00%,15.30%,15.20%,17.70%,17.00%,15.40%,17.90%,16.30%,15.30%,16.40%,12.90%,14.00%,13.80%,17.20%,18.10%,17.10%,15.30%,15.60%,16.10%,17.30%,25.54%,24.96%,23.12%,20.38%,16.38%,17.35%,29.49%,25.59%,24.82%,22.76%,26.13%,22.83%,24.39%,18.45%,21.53%,15.96%,23.85%,27.56%,23.51%,18.67%,18.25%,29.01%,24.91%,23.77%,25.81%,22.07%,25.53%,21.13%,18.81%,20.61%,18.94%,28.35%,24.73%,27.56%,22.04%,25.45%,23.98%,25.08%,22.41%,22.82%,15.95%,26.67%,25.00%,20.38%,22.40%,20.79%,28.35%,26.07%,23.69%,27.88%,26.05%,26.10%,24.83%,19.38%,22.37%,20.58%,23.24%,27.36%,27.65%,23.07%,23.47%,24.29%,24.16%,7.70%,16.75%,9.76%,20.34%,17.85%,8.36%,14.39%,8.65%,14.22%,11.22%,22.03%,11.82%,12.10%,18.26%,13.72%,18.55%,7.01%,15.30%,8.86%,15.47%,13.27%,11.77%,16.66%,10.90%,17.45%,13.65%,11.75%,14.12%,12.30%,20.28%,12.18%,12.16%,7.10%,14.94%,11.51%,19.47%,14.04%,9.95%,17.67%,10.75%,19.03%,13.70%,12.80%,17.23%,10.14%,17.78%,11.99%,16.21%,10.36%,15.67%,13.89%,10.03%,14.98%,13.06%,21.92%,12.48%,13.87%,14.11%,11.64%,16.06%,11.47%,17.03%,13.73%,22.18%,14.24%,29.57%,0.21%,3.05%,8.83%,29.75%,26.86%,28.23%,20.03%,11.94%,24.25%,18.15%,8.65%,19.54%,-0.72%,20.64%,20.03%,22.92%,7.15%,5.61%,30.01%,26.16%,25.29%,23.14%,19.41%,24.11%,19.00%,15.17%,5.69%,16.55%,27.94%,24.29%,28.80%,15.93%,16.64%,21.28%,19.84%,13.61%,22.65%,1.16%,27.50%,25.62%,16.35%,23.07%,16.12%,28.09%,23.88%,24.33%,24.13%,24.44%,24.92%,23.17%,16.67%,10.98%,19.19%,24.23%,26.76%,27.64%,19.50%,24.20%,20.01%,26.69%,1.95%,2.38%,8.03%,-0.67%,2.20%,-5.34%,6.19%,6.17%,7.82%,6.85%,4.73%,9.84%,2.56%,4.60%,4.17%,3.57%,-2.34%,0.62%,1.53%,0.11%,1.00%,7.80%,6.43%,6.83%,8.05%,4.53%,6.73%,5.02%,5.02%,4.26%,7.89%,1.69%,0.02%,4.58%,2.08%,2.22%,4.62%,1.77%,2.40%,1.72%,1.00%,9.61%,5.80%,6.42%,6.56%,6.77%,4.29%,3.36%,4.36%,5.13%,2.39%,2.07%,3.74%,3.09%,1.86%,3.67%,8.05%,5.49%,3.47%,3.37%,4.49%,4.05%,5.75%
1,1.00%,1.00%,1.80%,-0.20%,0.10%,-0.50%,2.60%,1.60%,2.20%,1.50%,1.50%,1.80%,1.10%,0.80%,1.30%,-0.10%,0.90%,1.70%,1.30%,0.30%,0.10%,2.40%,2.30%,1.70%,2.20%,1.50%,1.70%,1.40%,1.00%,0.70%,1.20%,2.40%,1.20%,2.40%,1.10%,1.70%,1.60%,1.40%,1.20%,1.40%,0.00%,2.40%,1.90%,1.50%,1.50%,1.40%,2.30%,2.30%,1.70%,2.20%,2.10%,1.60%,1.90%,1.20%,1.20%,1.30%,2.00%,2.30%,2.20%,1.80%,1.80%,1.80%,2.20%,2.08%,0.40%,1.35%,-0.26%,-0.08%,-0.72%,2.46%,1.96%,1.24%,1.89%,0.70%,1.71%,1.54%,-0.74%,1.26%,-0.97%,2.07%,0.73%,1.47%,-0.61%,-0.15%,2.27%,1.73%,1.71%,1.36%,0.38%,2.18%,0.25%,1.00%,-0.42%,1.09%,2.46%,1.85%,1.62%,1.54%,0.70%,1.50%,2.02%,-0.08%,1.58%,-0.87%,1.89%,1.31%,0.34%,1.87%,0.34%,2.35%,2.17%,1.98%,2.02%,1.76%,2.26%,0.98%,1.39%,0.00%,1.24%,1.40%,2.59%,2.05%,1.16%,2.29%,1.13%,1.82%,-1.59%,-1.74%,-2.60%,-1.68%,-0.89%,-3.28%,-0.18%,-2.45%,-1.54%,-0.53%,-0.99%,-2.19%,-0.71%,-1.17%,-1.44%,-1.47%,-1.83%,-1.47%,-2.63%,-1.62%,-2.04%,-1.33%,-0.32%,-1.32%,-0.91%,-0.79%,-1.67%,-1.72%,-0.70%,-1.30%,-1.84%,-0.80%,-2.55%,-1.42%,-0.96%,-0.81%,-1.57%,-1.08%,-1.54%,-2.32%,-1.78%,-1.03%,-1.16%,-0.59%,-1.54%,-1.43%,-1.28%,0.02%,-1.66%,-1.20%,-0.70%,-1.96%,-1.36%,-0.79%,-0.51%,-1.66%,-1.06%,-0.90%,-1.55%,-0.72%,-1.31%,-1.30%,-1.11%,6.29%,3.99%,7.62%,1.25%,1.23%,3.14%,7.16%,7.14%,6.96%,5.33%,3.40%,6.39%,4.92%,2.42%,5.09%,0.49%,5.71%,5.27%,6.23%,2.66%,2.07%,7.40%,6.37%,6.52%,5.88%,4.90%,6.29%,4.81%,4.05%,1.78%,4.39%,6.82%,6.52%,7.18%,4.39%,4.43%,5.78%,5.50%,3.63%,5.96%,1.20%,6.84%,6.39%,4.21%,5.92%,4.18%,7.06%,5.95%,6.42%,6.21%,6.03%,6.56%,5.84%,4.54%,3.10%,5.17%,6.03%,6.74%,6.91%,4.96%,6.28%,5.13%,6.63%,1.34%,0.64%,2.65%,0.07%,0.44%,-1.49%,1.63%,2.34%,1.97%,1.90%,1.23%,2.64%,0.74%,1.07%,1.10%,0.95%,-0.62%,0.02%,0.33%,-0.06%,0.07%,2.13%,1.61%,2.02%,2.00%,1.09%,1.97%,1.18%,1.26%,1.07%,1.98%,0.32%,0.08%,1.02%,0.48%,0.43%,1.12%,0.31%,0.43%,0.27%,0.11%,2.47%,1.46%,1.56%,1.81%,1.67%,1.04%,0.73%,1.16%,1.17%,0.42%,0.45%,0.76%,0.64%,0.34%,0.79%,2.00%,1.30%,0.74%,0.68%,1.04%,0.88%,1.29%
1,1.33,1.17,1.3,1.39,1.04,1.1,0.97,1.32,1.06,1.05,1.17,1.16,1.09,1.01,1.07,1.15,0.97,0.99,1.04,1.12,1.01,1.08,0.98,1.14,1.07,0.95,1.17,0.99,0.99,1.09,1.04,0.82,1.07,0.98,0.94,0.99,1.07,0.96,0.97,0.95,1.13,1.06,1.02,0.98,1.08,1.05,0.97,0.86,1.04,1.0,0.83,1.03,0.93,0.89,1.01,0.97,1.01,0.96,0.94,0.88,0.97,0.98,0.91,0.975575441443917,1.3508010269013,1.04000630544822,1.29189867529464,0.974705620441101,1.2270745811143,1.06069011326896,1.01039683373859,1.13802797593774,0.850334931122146,1.3518604207393,0.912782533000923,1.01514679558228,1.26458869819601,0.934076431794567,1.18650638292965,0.878797972589126,1.41678691342888,1.02005250189985,1.28893460549828,1.10008492646388,1.09153976143718,1.00748445566034,0.960763718635896,1.16027555171043,1.1796842420917,0.924903302306591,1.16564735742934,0.84484114462693,1.31216411337097,0.834788659780413,1.00845689663209,0.984688011707386,1.18977820979162,0.908043902930134,1.31770633107793,1.03542344088605,0.944525367918216,1.32243611708652,0.94028794365477,1.1778657534151,1.06778241495105,1.10571205592423,1.09908097595925,0.831234362982992,1.12619405623448,1.04516309197912,0.964960025148597,0.89863075154618,1.10937735969351,1.04847813340484,0.940957638434705,1.19160037069108,0.784163442238522,1.31477580349665,0.899535387228409,0.991586187605168,0.933934700048325,1.06943441910604,1.04368419794708,0.794886765926057,1.12511412177859,0.941707523942642,0.736939118061755,1.16984069330904,1.04922101726706,1.4389158674478,1.01698257722442,1.10807323220207,0.754226231908235,0.971649447798019,1.02158663943514,0.680928616221562,1.2948600557805,1.05491561523588,0.739862524600847,1.1024392488103,0.96412601811546,1.21266136040627,0.746329999703915,1.06262868929149,1.01274070355523,1.18198559660819,1.05664430620391,0.87802061559013,0.891597203642691,0.833827479498978,1.04933835280926,0.824096842312878,0.93617761010595,1.03799842883997,0.746758539131361,1.24483866329054,0.973875915463223,0.78439633911899,0.91337224407955,1.04190829067855,0.780742222435431,1.13342242514908,1.03865808765484,0.725620036282203,1.15966514835343,1.02353222142843,1.33260004815273,0.900159240861221,0.874285704241262,0.952110264178381,0.82174432234448,1.14913488514914,0.88630861495049,0.801211447249687,0.885673561661748,1.03281216919258,0.836850998385763,0.919782099694458,1.01420285374127,0.804670862365341,1.16365777670092,0.96274753765473,0.902265557095482,0.895338519091244,0.91270622447465,0.930771321318357,0.853121554164011,1.09642607605322,0.910100800805274,1.58044040356646,1.20756114947585,1.31686207007236,1.43796367969383,1.10928734225536,1.47953852985436,0.902055261328428,1.36887979640848,1.04927138382189,1.10871549054225,1.05805568485851,1.18958930293802,1.21834036559764,0.916896278879272,1.02851719792512,1.1419565597091,1.36470891519764,1.10465895420441,1.28611536585045,1.27420997455208,1.31196999833117,1.06721770622364,0.862257181782766,1.14621140883728,1.02522694148741,0.865789536678537,1.22205461371747,0.889621833936658,1.02623592478609,0.95005973510497,1.03267545378547,0.894291581740562,1.31297562727847,1.09791237160339,1.04815140483215,0.961474065301305,1.20118270306259,1.37968626091211,0.990142126972353,1.1839961819191,1.3091877304767,1.02802871894279,1.0284686868621,0.887199273376654,1.08146677439444,0.915069481971682,1.08141567046545,0.885613987015488,1.17513406133545,1.08849983037164,0.908558879858028,1.30145407560761,1.01368370852621,1.06851009380207,1.01362853110589,1.13350154793691,0.975507153222619,1.01917258093504,1.08058288337879,0.908428925643007,1.14972987871062,0.99765594882205,0.998147585233246,1.90260785842194,1.26328666976097,1.89433911474852,1.42545367196926,1.09457872420659,0.859994814225728,1.39219244061401,1.93911838502618,1.35446157422151,1.52495734528824,1.24737550166848,1.59140867642691,1.4207594823452,1.09153718533456,1.41954640636682,1.20324449763971,0.977324783773235,0.864121719892631,1.06693844484371,1.00770375166475,0.800792483114351,1.5092227906224,1.34768636692003,1.67432002788575,1.33183787312862,1.25650542122296,1.61401802332804,1.21094655360059,1.3403148753313,1.1593358089321,1.37412028655447,0.911257538148251,1.22123936514828,1.002048959969,1.11725322700999,0.948520311824013,1.20404106746577,0.924853412215125,0.857932816811318,0.905352419512736,0.889153520370097,1.48103126725664,1.34710891328833,1.21707790692659,1.57902822205616,1.26945020534147,1.1360646330057,0.996955142809022,1.31225730127587,1.07187977771776,0.852324781014967,1.09406169261229,0.906347413776499,0.979382952422397,0.892118302906435,1.04857062183432,1.37197448621294,1.18178448944104,1.01077057592519,0.918444485368479,1.16287812738739,0.998392016973973,1.04848934634313
1,14.90%,10.80%,14.40%,14.40%,8.70%,11.00%,10.50%,14.90%,10.90%,11.30%,11.50%,12.30%,10.70%,8.80%,10.30%,10.90%,10.90%,10.10%,11.40%,12.20%,9.10%,11.70%,10.20%,12.40%,10.90%,9.20%,12.20%,9.30%,9.60%,10.10%,10.00%,9.40%,11.90%,10.50%,10.10%,10.30%,11.40%,10.10%,8.80%,10.00%,11.30%,11.30%,10.30%,9.30%,11.10%,9.80%,10.80%,9.40%,11.70%,10.60%,8.60%,10.90%,9.20%,9.10%,9.70%,9.90%,10.20%,10.50%,10.00%,8.70%,10.40%,9.40%,9.50%,8.14%,7.75%,8.78%,8.86%,4.61%,8.07%,6.49%,8.34%,7.72%,5.98%,8.49%,7.18%,5.73%,6.29%,5.72%,6.20%,7.27%,8.70%,8.09%,8.95%,5.48%,7.13%,6.63%,7.19%,7.77%,5.96%,6.27%,6.28%,4.77%,7.06%,5.14%,6.88%,7.87%,8.09%,6.89%,8.56%,7.93%,6.48%,7.03%,6.89%,7.36%,7.31%,6.13%,5.81%,5.41%,6.31%,7.59%,6.86%,7.56%,7.96%,5.79%,6.74%,7.08%,5.00%,7.73%,6.50%,5.78%,7.34%,6.60%,6.05%,6.29%,6.77%,6.07%,9.59%,10.30%,11.13%,16.43%,7.94%,10.67%,9.13%,11.16%,10.09%,8.78%,12.81%,10.72%,8.05%,8.95%,9.05%,11.43%,9.37%,10.48%,10.93%,14.43%,8.96%,10.22%,9.91%,9.94%,10.59%,8.16%,9.86%,9.31%,8.00%,11.00%,8.96%,9.56%,10.77%,10.69%,9.24%,11.60%,11.00%,8.68%,9.71%,10.26%,13.56%,9.88%,9.20%,9.05%,8.64%,10.02%,10.61%,9.42%,10.58%,10.67%,9.44%,10.15%,9.70%,8.54%,11.04%,9.55%,9.29%,10.04%,10.11%,9.20%,9.71%,10.05%,9.50%,16.44%,12.08%,14.78%,15.97%,10.45%,15.19%,10.25%,15.28%,11.51%,12.28%,11.20%,13.51%,12.35%,8.74%,10.98%,11.95%,14.57%,12.00%,14.60%,14.37%,12.64%,12.06%,9.71%,12.87%,11.28%,9.29%,13.07%,9.33%,10.34%,9.44%,10.64%,10.60%,14.66%,12.45%,11.92%,10.97%,13.78%,14.15%,9.71%,12.94%,14.06%,11.64%,11.08%,9.12%,11.58%,9.40%,12.64%,10.41%,13.79%,12.40%,9.91%,14.00%,10.81%,11.76%,10.42%,12.41%,10.42%,12.09%,12.03%,9.80%,12.73%,10.54%,11.20%,21.86%,12.87%,20.83%,15.55%,10.67%,8.89%,14.41%,21.82%,13.77%,16.28%,13.18%,16.61%,14.60%,10.99%,14.24%,12.94%,10.69%,8.73%,10.90%,10.34%,7.88%,15.80%,13.80%,17.71%,13.57%,12.43%,17.39%,11.96%,13.66%,12.22%,14.05%,9.66%,13.00%,10.09%,11.73%,9.71%,12.43%,9.36%,8.48%,8.98%,9.09%,15.36%,13.66%,12.51%,16.25%,13.04%,11.75%,10.25%,13.93%,10.85%,8.39%,11.22%,8.92%,10.05%,9.20%,10.51%,13.92%,11.92%,10.08%,9.20%,11.82%,10.06%,10.50%
1,66.30%,66.30%,63.80%,61.30%,72.50%,56.30%,73.80%,65.00%,67.50%,70.00%,67.50%,68.80%,70.00%,65.00%,70.00%,66.30%,68.80%,67.50%,63.80%,61.30%,62.50%,70.00%,72.50%,70.00%,70.00%,71.30%,67.50%,67.50%,68.80%,67.50%,67.50%,73.80%,63.80%,67.50%,66.30%,65.00%,65.00%,70.00%,63.80%,66.30%,58.80%,70.00%,71.30%,70.00%,66.30%,67.50%,68.80%,67.50%,65.00%,71.30%,75.00%,70.00%,70.00%,67.50%,65.00%,67.50%,71.30%,67.50%,70.00%,72.50%,66.30%,68.80%,71.30%,80.00%,85.00%,80.00%,70.00%,80.00%,75.00%,90.00%,80.00%,75.00%,85.00%,80.00%,80.00%,85.00%,70.00%,85.00%,70.00%,90.00%,85.00%,80.00%,75.00%,70.00%,80.00%,80.00%,85.00%,80.00%,75.00%,80.00%,70.00%,80.00%,70.00%,80.00%,80.00%,80.00%,80.00%,80.00%,75.00%,75.00%,85.00%,70.00%,80.00%,65.00%,75.00%,85.00%,70.00%,80.00%,80.00%,80.00%,80.00%,80.00%,85.00%,90.00%,85.00%,80.00%,80.00%,75.00%,80.00%,80.00%,80.00%,80.00%,80.00%,80.00%,80.00%,80.00%,60.00%,70.00%,55.00%,70.00%,85.00%,55.00%,70.00%,55.00%,60.00%,65.00%,65.00%,65.00%,70.00%,65.00%,65.00%,75.00%,55.00%,60.00%,55.00%,60.00%,65.00%,60.00%,65.00%,65.00%,65.00%,70.00%,65.00%,65.00%,70.00%,75.00%,60.00%,70.00%,50.00%,60.00%,60.00%,65.00%,60.00%,65.00%,65.00%,60.00%,60.00%,65.00%,65.00%,70.00%,60.00%,60.00%,60.00%,65.00%,50.00%,65.00%,75.00%,65.00%,65.00%,65.00%,65.00%,65.00%,70.00%,60.00%,70.00%,70.00%,55.00%,65.00%,70.00%,65.00%,55.00%,65.00%,50.00%,60.00%,55.00%,80.00%,65.00%,80.00%,75.00%,60.00%,70.00%,70.00%,60.00%,75.00%,55.00%,65.00%,65.00%,65.00%,55.00%,60.00%,85.00%,85.00%,75.00%,80.00%,80.00%,70.00%,80.00%,65.00%,60.00%,70.00%,80.00%,65.00%,75.00%,70.00%,65.00%,70.00%,70.00%,55.00%,70.00%,50.00%,85.00%,80.00%,75.00%,70.00%,70.00%,75.00%,70.00%,70.00%,75.00%,80.00%,70.00%,80.00%,70.00%,55.00%,65.00%,80.00%,75.00%,75.00%,80.00%,75.00%,70.00%,80.00%,60.00%,55.00%,55.00%,55.00%,65.00%,40.00%,55.00%,60.00%,55.00%,55.00%,65.00%,60.00%,55.00%,65.00%,55.00%,65.00%,65.00%,60.00%,55.00%,55.00%,55.00%,55.00%,60.00%,55.00%,55.00%,60.00%,55.00%,55.00%,60.00%,65.00%,60.00%,65.00%,60.00%,55.00%,55.00%,55.00%,55.00%,60.00%,65.00%,55.00%,60.00%,55.00%,55.00%,65.00%,55.00%,60.00%,60.00%,55.00%,60.00%,60.00%,55.00%,60.00%,55.00%,55.00%,65.00%,60.00%,55.00%,55.00%,55.00%,60.00%,55.00%,60.00%,55.00%
1,52.50%,65.00%,51.30%,47.50%,53.80%,46.30%,63.80%,51.30%,65.00%,51.30%,63.80%,56.30%,57.50%,66.30%,56.30%,50.00%,50.00%,62.50%,55.00%,48.80%,50.00%,65.00%,57.50%,48.80%,61.30%,62.50%,58.80%,60.00%,53.80%,58.80%,60.00%,56.30%,52.50%,58.80%,55.00%,57.50%,52.50%,55.00%,62.50%,52.50%,45.00%,57.50%,65.00%,61.30%,53.80%,62.50%,58.80%,63.80%,51.30%,61.30%,63.80%,60.00%,62.50%,52.50%,56.30%,53.80%,60.00%,57.50%,63.80%,63.80%,52.50%,66.30%,66.30%,60.00%,75.00%,40.00%,60.00%,45.00%,50.00%,70.00%,50.00%,65.00%,55.00%,70.00%,60.00%,70.00%,55.00%,55.00%,45.00%,50.00%,80.00%,60.00%,55.00%,60.00%,75.00%,55.00%,60.00%,65.00%,60.00%,60.00%,55.00%,50.00%,55.00%,55.00%,65.00%,55.00%,60.00%,65.00%,75.00%,60.00%,60.00%,70.00%,55.00%,50.00%,65.00%,65.00%,60.00%,60.00%,70.00%,55.00%,65.00%,65.00%,70.00%,75.00%,65.00%,60.00%,55.00%,70.00%,50.00%,65.00%,60.00%,65.00%,70.00%,55.00%,80.00%,70.00%,30.00%,40.00%,30.00%,40.00%,25.00%,40.00%,35.00%,30.00%,40.00%,40.00%,40.00%,25.00%,25.00%,45.00%,30.00%,25.00%,30.00%,40.00%,30.00%,40.00%,30.00%,35.00%,35.00%,25.00%,35.00%,35.00%,25.00%,30.00%,30.00%,40.00%,30.00%,35.00%,35.00%,40.00%,35.00%,40.00%,35.00%,30.00%,50.00%,30.00%,35.00%,30.00%,35.00%,35.00%,25.00%,40.00%,35.00%,45.00%,25.00%,35.00%,40.00%,35.00%,45.00%,20.00%,40.00%,35.00%,30.00%,30.00%,40.00%,40.00%,30.00%,30.00%,35.00%,80.00%,80.00%,85.00%,55.00%,75.00%,65.00%,85.00%,75.00%,85.00%,70.00%,80.00%,85.00%,85.00%,90.00%,90.00%,70.00%,75.00%,80.00%,70.00%,50.00%,65.00%,85.00%,90.00%,70.00%,80.00%,85.00%,90.00%,90.00%,80.00%,80.00%,90.00%,80.00%,70.00%,80.00%,65.00%,75.00%,70.00%,80.00%,85.00%,75.00%,50.00%,85.00%,90.00%,85.00%,85.00%,85.00%,85.00%,85.00%,65.00%,80.00%,85.00%,80.00%,80.00%,70.00%,75.00%,75.00%,85.00%,85.00%,85.00%,85.00%,75.00%,90.00%,85.00%,40.00%,65.00%,50.00%,35.00%,70.00%,30.00%,65.00%,50.00%,70.00%,40.00%,65.00%,55.00%,50.00%,75.00%,50.00%,60.00%,45.00%,50.00%,60.00%,50.00%,45.00%,65.00%,50.00%,40.00%,65.00%,70.00%,60.00%,65.00%,55.00%,60.00%,65.00%,45.00%,50.00%,55.00%,55.00%,40.00%,45.00%,50.00%,45.00%,50.00%,45.00%,50.00%,70.00%,65.00%,45.00%,55.00%,60.00%,60.00%,50.00%,60.00%,55.00%,60.00%,65.00%,65.00%,40.00%,55.00%,60.00%,55.00%,65.00%,60.00%,50.00%,65.00%,75.00%
